Filename,Title,Category
DS104_TOI_Notes_B8_001.txt,"thesis defense logistics and presentation structure","School & College life"
DS104_TOI_Notes_B8_002.txt,"salt curing ratios for preservation","Food"
DS104_TOI_Notes_B8_003.txt,"emulsion stability for vinaigrettes","Food"
DS104_TOI_Notes_B8_004.txt,"mountaineering knot tying figure eight","Outdoor Adventure"
DS104_TOI_Notes_B8_005.txt,"tempering chocolate crystal structures","Hobbies"
DS104_TOI_Notes_B8_006.txt,"remote work vpn troubleshooting steps","Work-life balance"
DS104_TOI_Notes_B8_007.txt,"sous vide timing logs for steak","Food"
DS104_TOI_Notes_B8_008.txt,"marketing budget allocation breakdown","Finance"
DS104_TOI_Notes_B8_009.txt,"sous vide timing logs for steak","Food"
DS104_TOI_Notes_B8_010.txt,"leatherworking saddle stitch technique","Hobbies"
DS104_TOI_Notes_B8_011.txt,"microburst downdraft velocities","Finance"
DS104_TOI_Notes_B8_012.txt,"salt curing ratios for preservation","Food"
DS104_TOI_Notes_B8_013.txt,"woodworking dovetail joint types","Hobbies"
DS104_TOI_Notes_B8_014.txt,"condenser mic phantom power requirements","Music"
DS104_TOI_Notes_B8_015.txt,"dialogue tree branching logic","Gaming"
DS104_TOI_Notes_B8_016.txt,"netcode rollback implementation","Gaming"
DS104_TOI_Notes_B8_017.txt,"fountain pen nib grinding angles","Hobbies"
DS104_TOI_Notes_B8_018.txt,"thesis defense logistics and presentation structure","School & College life"
DS104_TOI_Notes_B8_019.txt,"polyrhythm timing signatures","Music"
DS104_TOI_Notes_B8_020.txt,"new hire onboarding checklist completion","Work-life balance"
DS104_TOI_Notes_B8_021.txt,"isobar map pressure gradient force","Finance"
DS104_TOI_Notes_B8_022.txt,"isobar map pressure gradient force","Finance"
DS104_TOI_Notes_B8_023.txt,"cultural ceremonial sequence planning","Traditions"
DS104_TOI_Notes_B8_024.txt,"frame pacing and vsync tearing","Gaming"
DS104_TOI_Notes_B8_025.txt,"controller deadzone analog stick tuning","Gaming"
DS104_TOI_Notes_B8_026.txt,"campus wifi mesh network upgrade details","School & College life"
DS104_TOI_Notes_B8_027.txt,"warehouse inventory audit discrepancies","Work-life balance"
DS104_TOI_Notes_B8_028.txt,"sous vide timing logs for steak","Food"
DS104_TOI_Notes_B8_029.txt,"isobar map pressure gradient force","Finance"
DS104_TOI_Notes_B8_030.txt,"uv index solar radiation peaks","Weather"
DS104_TOI_Notes_B8_031.txt,"ui layout anchoring and scaling","TV Shows"
DS104_TOI_Notes_B8_032.txt,"venue layout for ritual seating","Traditions"
DS104_TOI_Notes_B8_033.txt,"coffee espresso extraction pressure","Food"
DS104_TOI_Notes_B8_034.txt,"venue layout for ritual seating","Traditions"
DS104_TOI_Notes_B8_035.txt,"venue layout for ritual seating","Traditions"
DS104_TOI_Notes_B8_036.txt,"pathfinding algorithm optimization","Gaming"
DS104_TOI_Notes_B8_037.txt,"lab equipment scheduling and calibration","School & College life"
DS104_TOI_Notes_B8_038.txt,"chemistry titration lab safety procedures","School & College life"
DS104_TOI_Notes_B8_039.txt,"non-linear video editing proxy workflow","Movies"
DS104_TOI_Notes_B8_040.txt,"vendor procurement steps and RFP process","Finance"
DS104_TOI_Notes_B8_041.txt,"hit-box collision detection layers","Gaming"
DS104_TOI_Notes_B8_042.txt,"dew point spread and fog likelihood","Weather"
DS104_TOI_Notes_B8_043.txt,"campus wifi mesh network upgrade details","School & College life"
DS104_TOI_Notes_B8_044.txt,"linguistics phonetics chart memorization","Music"
DS104_TOI_Notes_B8_045.txt,"linear algebra matrix multiplication review","School & College life"
DS104_TOI_Notes_B8_046.txt,"vendor procurement steps and RFP process","Finance"
DS104_TOI_Notes_B8_047.txt,"green screen chroma keying thresholds","Movies"
DS104_TOI_Notes_B8_048.txt,"mastering LUFS loudness targets","Music"
DS104_TOI_Notes_B8_049.txt,"quarterly OKR tracking spreadsheet setup","Work-life balance"
DS104_TOI_Notes_B8_050.txt,"pathfinding algorithm optimization","Gaming"
DS104_TOI_Notes_B8_051.txt,"mix EQ frequencies for bass guitar","Music"
DS104_TOI_Notes_B8_052.txt,"steadycam vest balancing parameters","Gaming"
DS104_TOI_Notes_B8_053.txt,"isobar map pressure gradient force","Weather"
DS104_TOI_Notes_B8_054.txt,"astrological calendar date selection","Traditions"
DS104_TOI_Notes_B8_055.txt,"sprite sheet resolution and atlas packing","Gaming"
DS104_TOI_Notes_B8_056.txt,"isobar map pressure gradient force","Weather"
DS104_TOI_Notes_B8_057.txt,"vocal compression knee and ratio settings","Music"
DS104_TOI_Notes_B8_058.txt,"hr benefits enrollment deadline notes","Work-life balance"
DS104_TOI_Notes_B8_059.txt,"tempering chocolate crystal structures","Food"
DS104_TOI_Notes_B8_060.txt,"daily standup blockers and dependencies","Work-life balance"
DS104_TOI_Notes_B8_061.txt,"pastry lamination butter temps","Food"
DS104_TOI_Notes_B8_062.txt,"study group syllabus breakdown for midterm","School & College life"
DS104_TOI_Notes_B8_063.txt,"jet stream upper level trough tracking","Weather"
DS104_TOI_Notes_B8_064.txt,"polyrhythm timing signatures","Music"
DS104_TOI_Notes_B8_065.txt,"aspect ratio framing techniques","Movies"
DS104_TOI_Notes_B8_066.txt,"color grading LUT adjustments in DaVinci","Movies"
DS104_TOI_Notes_B8_067.txt,"foley sound recording techniques","Movies"
DS104_TOI_Notes_B8_068.txt,"cathedral stained glass restoration dates","Traditions"
DS104_TOI_Notes_B8_069.txt,"acoustic requirements for chanting","School & College life"
DS104_TOI_Notes_B8_070.txt,"server migration downtime window planning","Finance"
DS104_TOI_Notes_B8_071.txt,"controller deadzone analog stick tuning","Gaming"
DS104_TOI_Notes_B8_072.txt,"dslr aperture and shutter speed combinations","Gaming"
DS104_TOI_Notes_B8_073.txt,"focal length depth of field calculations","School & College life"
DS104_TOI_Notes_B8_074.txt,"indigenous cultural site access rules","Traditions"
DS104_TOI_Notes_B8_075.txt,"netcode rollback implementation","Gaming"
DS104_TOI_Notes_B8_076.txt,"cheese rennet coagulation times","Food"
DS104_TOI_Notes_B8_077.txt,"boom mic placement for dialogue scenes","Movies"
DS104_TOI_Notes_B8_078.txt,"chemistry titration lab safety procedures","School & College life"
DS104_TOI_Notes_B8_079.txt,"acoustic requirements for chanting","School & College life"
DS104_TOI_Notes_B8_080.txt,"coffee espresso extraction pressure","Food"
DS104_TOI_Notes_B8_081.txt,"reverb tail pre-delay calculations","Movies"
DS104_TOI_Notes_B8_082.txt,"ecu remap air fuel mixture tuning","Automotive"
DS104_TOI_Notes_B8_083.txt,"rome historical walking tour itineraries","Travel/Transportation"
DS104_TOI_Notes_B8_084.txt,"circle of fifths chord progressions","Music"
DS104_TOI_Notes_B8_085.txt,"boom mic placement for dialogue scenes","Movies"
DS104_TOI_Notes_B8_086.txt,"doppler radar velocity color scales","Weather"
DS104_TOI_Notes_B8_087.txt,"level design choke point analysis","Gaming"
DS104_TOI_Notes_B8_088.txt,"shader compilation stutter fixes","Gaming"
DS104_TOI_Notes_B8_089.txt,"analog synthesizer oscillator tuning","Music"
DS104_TOI_Notes_B8_090.txt,"frame rate conversion artifacts","Gaming"
DS104_TOI_Notes_B8_091.txt,"aquarium nitrogen cycle water testing","Hobbies"
DS104_TOI_Notes_B8_092.txt,"indigenous cultural site access rules","Traditions"
DS104_TOI_Notes_B8_093.txt,"museum exhibit chronological sequencing","Traditions"
DS104_TOI_Notes_B8_094.txt,"disc brake rotor heat dissipation","Automotive"
DS104_TOI_Notes_B8_095.txt,"sidechain routing for kick and bass","Music"
DS104_TOI_Notes_B8_096.txt,"origami crease pattern logic","Hobbies"
DS104_TOI_Notes_B8_097.txt,"dry aging humidity control parameters","Food"
DS104_TOI_Notes_B8_098.txt,"grant proposal submission timeline","School & College life"
DS104_TOI_Notes_B8_099.txt,"battery alternator voltage output","Automotive"
DS104_TOI_Notes_B8_100.txt,"quarterly OKR tracking spreadsheet setup","Work-life balance"
DS104_TOI_Notes_B8_101.txt,"payroll processing holiday schedule","Work-life balance"
DS104_TOI_Notes_B8_102.txt,"netcode rollback implementation","Gaming"
DS104_TOI_Notes_B8_103.txt,"fountain pen nib grinding angles","Hobbies"
DS104_TOI_Notes_B8_104.txt,"mastering LUFS loudness targets","Music"
DS104_TOI_Notes_B8_105.txt,"oil painting medium drying times","Hobbies"
DS104_TOI_Notes_B8_106.txt,"cumulonimbus cloud formation rates","Weather"
DS104_TOI_Notes_B8_107.txt,"subway rail gauge differences","Travel/Transportation"
DS104_TOI_Notes_B8_108.txt,"salt curing ratios for preservation","Food"
DS104_TOI_Notes_B8_109.txt,"salt curing ratios for preservation","Food"
DS104_TOI_Notes_B8_110.txt,"anamorphic lens flare characteristics","Movies"
DS104_TOI_Notes_B8_111.txt,"floral arrangement symbolism","Traditions"
DS104_TOI_Notes_B8_112.txt,"tempering chocolate crystal structures","Food"
DS104_TOI_Notes_B8_113.txt,"hit-box collision detection layers","Gaming"
DS104_TOI_Notes_B8_114.txt,"thesis defense logistics and presentation structure","School & College life"
DS104_TOI_Notes_B8_115.txt,"kayak route topographic map reading","Outdoor Adventure"
DS104_TOI_Notes_B8_116.txt,"subtractive synthesis envelope adsr","Music"
DS104_TOI_Notes_B8_117.txt,"emulsion stability for vinaigrettes","Food"
DS104_TOI_Notes_B8_118.txt,"dry aging humidity control parameters","Food"
DS104_TOI_Notes_B8_119.txt,"polyrhythm timing signatures","Music"
DS104_TOI_Notes_B8_120.txt,"indoor hydroponic nutrient mixing","Food"
DS104_TOI_Notes_B8_121.txt,"steadycam vest balancing parameters","Gaming"
DS104_TOI_Notes_B8_122.txt,"board game meeple storage dimensions","Gaming"
DS104_TOI_Notes_B8_123.txt,"sous vide timing logs for steak","Food"
DS104_TOI_Notes_B8_124.txt,"server migration downtime window planning","Work-life balance"
DS104_TOI_Notes_B8_125.txt,"regional cuisine historical ingredient trade","Food"
DS104_TOI_Notes_B8_126.txt,"gpu particle system limits","Gaming"
DS104_TOI_Notes_B8_127.txt,"biochemistry lecture notes on enzyme kinetics","Finance"
DS104_TOI_Notes_B8_128.txt,"jet stream upper level trough tracking","Weather"
DS104_TOI_Notes_B8_129.txt,"astrological calendar date selection","Traditions"
DS104_TOI_Notes_B8_130.txt,"frame pacing and vsync tearing","Automotive"
DS104_TOI_Notes_B8_131.txt,"acoustic guitar restringing gauge tension","Music"
DS104_TOI_Notes_B8_132.txt,"origami crease pattern logic","Hobbies"
DS104_TOI_Notes_B8_133.txt,"high altitude acclimatization schedules","Outdoor Adventure"
DS104_TOI_Notes_B8_134.txt,"mountain bike tire psi terrain adjustments","Outdoor Adventure"
DS104_TOI_Notes_B8_135.txt,"relative humidity psychrometer readings","Weather"
DS104_TOI_Notes_B8_136.txt,"venue layout for ritual seating","Traditions"
DS104_TOI_Notes_B8_137.txt,"shader compilation stutter fixes","Gaming"
DS104_TOI_Notes_B8_138.txt,"traditional dance choreography notation","Traditions"
DS104_TOI_Notes_B8_139.txt,"catalytic converter precious metal loads","Automotive"
DS104_TOI_Notes_B8_140.txt,"generational recipe preservation methods","Traditions"
DS104_TOI_Notes_B8_141.txt,"feast table setting protocols","Traditions"
DS104_TOI_Notes_B8_142.txt,"hurricane category wind speed thresholds","Weather"
DS104_TOI_Notes_B8_143.txt,"sous vide timing logs for steak","Food"
DS104_TOI_Notes_B8_144.txt,"netcode rollback implementation","Gaming"
DS104_TOI_Notes_B8_145.txt,"netcode rollback implementation","Gaming"
DS104_TOI_Notes_B8_146.txt,"GPU particle system limits","Gaming"
DS104_TOI_Notes_B8_147.txt,"circle of fifths chord progressions","Music"
DS104_TOI_Notes_B8_148.txt,"subtractive synthesis envelope adsr","Music"
DS104_TOI_Notes_B8_149.txt,"condenser mic phantom power requirements","Music"
DS104_TOI_Notes_B8_150.txt,"relative humidity psychrometer readings","Weather"
DS104_TOI_Notes_B8_151.txt,"ceramic coating curing time logs","School & College life"
DS104_TOI_Notes_B8_152.txt,"linear algebra matrix multiplication review","School & College life"
DS104_TOI_Notes_B8_153.txt,"maillard reaction temperature thresholds","Food"
DS104_TOI_Notes_B8_154.txt,"**client retention strategy**","Work-life balance"
DS104_TOI_Notes_B8_155.txt,"non-linear video editing proxy workflow","Work-life balance"
DS104_TOI_Notes_B8_156.txt,"leatherworking saddle stitch technique","Hobbies"
DS104_TOI_Notes_B8_157.txt,"traditional dance choreography notation","Traditions"
DS104_TOI_Notes_B8_158.txt,"anamorphic lens flare characteristics","Movies"
DS104_TOI_Notes_B8_159.txt,"cumulonimbus cloud formation rates","Weather"
DS104_TOI_Notes_B8_160.txt,"cathedral stained glass restoration dates","Traditions"
DS104_TOI_Notes_B8_161.txt,"dry aging humidity control parameters","Food"
DS104_TOI_Notes_B8_162.txt,"pathfinding algorithm optimization","Gaming"
DS104_TOI_Notes_B8_163.txt,"water purification filter micron sizes","Food"
DS104_TOI_Notes_B8_164.txt,"marketing budget allocation breakdown","Work-life balance"
DS104_TOI_Notes_B8_165.txt,"dialogue tree branching logic","Gaming"
DS104_TOI_Notes_B8_166.txt,"drum kit mic placement techniques","Music"
DS104_TOI_Notes_B8_167.txt,"thesis defense logistics and presentation structure","School & College life"
DS104_TOI_Notes_B8_168.txt,"lab equipment scheduling and calibration","Work-life balance"
DS104_TOI_Notes_B8_169.txt,"ferry crossing nautical mile times","Travel/Transportation"
DS104_TOI_Notes_B8_170.txt,"frame pacing and vsync tearing","Gaming"
DS104_TOI_Notes_B8_171.txt,"frame pacing and vsync tearing","Gaming"
DS104_TOI_Notes_B8_172.txt,"condenser mic phantom power requirements","Hobbies"
DS104_TOI_Notes_B8_173.txt,"coffee espresso extraction pressure","Automotive"
DS104_TOI_Notes_B8_174.txt,"analog synthesizer oscillator tuning","Music"
DS104_TOI_Notes_B8_175.txt,"server migration downtime window planning","Finance"
DS104_TOI_Notes_B8_176.txt,"cheese rennet coagulation times","Food"
DS104_TOI_Notes_B8_177.txt,"battery alternator voltage output","Automotive"
DS104_TOI_Notes_B8_178.txt,"acoustic guitar restringing gauge tension","Hobbies"
DS104_TOI_Notes_B8_179.txt,"script continuity breakdown sheets","Movies"
DS104_TOI_Notes_B8_180.txt,"backcountry ski skin glue maintenance","Outdoor Adventure"
DS104_TOI_Notes_B8_181.txt,"remote work VPN troubleshooting steps","Work-life balance"
DS104_TOI_Notes_B8_182.txt,"architecture studio model building materials","Hobbies"
DS104_TOI_Notes_B8_183.txt,"condenser mic phantom power requirements","Hobbies"
DS104_TOI_Notes_B8_184.txt,"level design choke point analysis","Gaming"
DS104_TOI_Notes_B8_185.txt,"focal length depth of field calculations","Movies"
DS104_TOI_Notes_B8_186.txt,"cold front boundary collision dynamics","Weather"
DS104_TOI_Notes_B8_187.txt,"sidechain routing for kick and bass","Music"
DS104_TOI_Notes_B8_188.txt,"trail grading elevation gain analysis","Outdoor Adventure"
DS104_TOI_Notes_B8_189.txt,"fountain pen nib grinding angles","Hobbies"
DS104_TOI_Notes_B8_190.txt,"green screen chroma keying thresholds","Movies"
DS104_TOI_Notes_B8_191.txt,"traditional dance choreography notation","Traditions"
DS104_TOI_Notes_B8_192.txt,"transmission gear ratio calculations","Automotive"
DS104_TOI_Notes_B8_193.txt,"rome historical walking tour itineraries","Traditions"
DS104_TOI_Notes_B8_194.txt,"generational recipe preservation methods","Traditions"
DS104_TOI_Notes_B8_195.txt,"payroll processing holiday schedule","Finance"
DS104_TOI_Notes_B8_196.txt,"ancient ruin excavation grid mapping","Outdoor Adventure"
DS104_TOI_Notes_B8_197.txt,"salt curing ratios for preservation","Food"
DS104_TOI_Notes_B8_198.txt,"tire pressure monitoring systems TPMS","Automotive"
DS104_TOI_Notes_B8_199.txt,"battery alternator voltage output","Automotive"
DS104_TOI_Notes_B8_200.txt,"sous vide timing logs for steak","Food"
DS104_TOI_Notes_B8_201.txt,"lab equipment scheduling and calibration","Work-life balance"
DS104_TOI_Notes_B8_202.txt,"UI layout anchoring and scaling","Hobbies"
DS104_TOI_Notes_B8_203.txt,"emulsion stability for vinaigrettes","Food"
DS104_TOI_Notes_B8_204.txt,"server migration downtime window planning","Work-life balance"
DS104_TOI_Notes_B8_205.txt,"aerodynamic drag coefficient testing","Hobbies"
DS104_TOI_Notes_B8_206.txt,"venue layout for ritual seating","Traditions"
DS104_TOI_Notes_B8_207.txt,"ceremonial fire safety clearances","Traditions"
DS104_TOI_Notes_B8_208.txt,"subtractive synthesis envelope adsr","Music"
DS104_TOI_Notes_B8_209.txt,"server migration downtime window planning","Work-life balance"
DS104_TOI_Notes_B8_210.txt,"symbolic meaning of altar offerings","Traditions"
DS104_TOI_Notes_B8_211.txt,"three-point lighting setups for interviews","Movies"
DS104_TOI_Notes_B8_212.txt,"kyoto temple preservation architectural details","Travel/Transportation"
DS104_TOI_Notes_B8_213.txt,"hammock suspension tree strap angles","Outdoor Adventure"
DS104_TOI_Notes_B8_214.txt,"dialogue tree branching logic","Gaming"
DS104_TOI_Notes_B8_215.txt,"practical special effects rigging","Movies"
DS104_TOI_Notes_B8_216.txt,"venue layout for ritual seating","Traditions"
DS104_TOI_Notes_B8_217.txt,"cathedral stained glass restoration dates","Traditions"
DS104_TOI_Notes_B8_218.txt,"daily standup blockers and dependencies","Work-life balance"
DS104_TOI_Notes_B8_219.txt,"warehouse inventory audit discrepancies","Finance"
DS104_TOI_Notes_B8_220.txt,"ferry crossing nautical mile times","Travel/Transportation"
DS104_TOI_Notes_B8_221.txt,"doppler radar velocity color scales","Weather"
DS104_TOI_Notes_B8_222.txt,"stamp collecting condition grading","Hobbies"
DS104_TOI_Notes_B8_223.txt,"relative humidity psychrometer readings","Weather"
DS104_TOI_Notes_B8_224.txt,"procedural generation seed values","Gaming"
DS104_TOI_Notes_B8_225.txt,"procession route permit logistics","Traditions"
DS104_TOI_Notes_B8_226.txt,"snowfall ratio temperature dependency","Weather"
DS104_TOI_Notes_B8_227.txt,"dry aging humidity control parameters","Food"
DS104_TOI_Notes_B8_228.txt,"historical origins of harvest festivals","Celebrations"
DS104_TOI_Notes_B8_229.txt,"snowfall ratio temperature dependency","Weather"
DS104_TOI_Notes_B8_230.txt,"feast table setting protocols","Traditions"
DS104_TOI_Notes_B8_231.txt,"ceramic coating curing time logs","Food"
DS104_TOI_Notes_B8_232.txt,"synthetic oil viscosity temperature ranges","Automotive"
DS104_TOI_Notes_B8_233.txt,"mastering LUFS loudness targets","Music"
DS104_TOI_Notes_B8_234.txt,"generational recipe preservation methods","Hobbies"
DS104_TOI_Notes_B8_235.txt,"survival fire starting friction methods","Outdoor Adventure"
DS104_TOI_Notes_B8_236.txt,"trail grading elevation gain analysis","Outdoor Adventure"
DS104_TOI_Notes_B8_237.txt,"procession route permit logistics","Traditions"
DS104_TOI_Notes_B8_238.txt,"warehouse inventory audit discrepancies","Finance"
DS104_TOI_Notes_B8_239.txt,"biochemistry lecture notes on enzyme kinetics","School & College life"
DS104_TOI_Notes_B8_240.txt,"catalytic converter precious metal loads","Automotive"
DS104_TOI_Notes_B8_241.txt,"foley sound recording techniques","Movies"
DS104_TOI_Notes_B8_242.txt,"transmission gear ratio calculations","Automotive"
DS104_TOI_Notes_B8_243.txt,"shader compilation stutter fixes","Gaming"
DS104_TOI_Notes_B8_244.txt,"cumulonimbus cloud formation rates","Weather"
DS104_TOI_Notes_B8_245.txt,"avalanche beacon grid search protocols","Outdoor Adventure"
DS104_TOI_Notes_B8_246.txt,"suspension strut rebound damping","Automotive"
DS104_TOI_Notes_B8_247.txt,"emulsion stability for vinaigrettes","Food"
DS104_TOI_Notes_B8_248.txt,"barometric pressure drop correlations","Weather"
DS104_TOI_Notes_B8_249.txt,"practical special effects rigging","Movies"
DS104_TOI_Notes_B8_250.txt,"telescope equatorial mount alignment","Travel/Transportation"
DS104_TOI_Notes_B8_251.txt,"maillard reaction temperature thresholds","Finance"
DS104_TOI_Notes_B8_252.txt,"mountaineering knot tying figure eight","Hobbies"
DS104_TOI_Notes_B8_253.txt,"atmospheric inversion layer trapping","Hobbies"
DS104_TOI_Notes_B8_254.txt,"drum kit mic placement techniques","Music"
DS104_TOI_Notes_B8_255.txt,"foley sound recording techniques","Music"
DS104_TOI_Notes_B8_256.txt,"Doppler radar velocity color scales","Weather"
DS104_TOI_Notes_B8_257.txt,"screenwriting heros journey structure","Movies"
DS104_TOI_Notes_B8_258.txt,"new hire onboarding checklist completion","Work-life balance"
DS104_TOI_Notes_B8_259.txt,"new hire onboarding checklist completion","Work-life balance"
DS104_TOI_Notes_B8_260.txt,"model train scale track gauges","Hobbies"
DS104_TOI_Notes_B8_261.txt,"model train scale track gauges","Hobbies"
DS104_TOI_Notes_B8_262.txt,"marketing budget allocation breakdown","Finance"
DS104_TOI_Notes_B8_263.txt,"symbolic meaning of altar offerings","Traditions"
DS104_TOI_Notes_B8_264.txt,"v8 engine torque spec calculations","Automotive"
DS104_TOI_Notes_B8_265.txt,"microburst downdraft velocities","Weather"
DS104_TOI_Notes_B8_266.txt,"battery alternator voltage output","Automotive"
DS104_TOI_Notes_B8_267.txt,"exhaust manifold backpressure flow","Automotive"
DS104_TOI_Notes_B8_268.txt,"maillard reaction temps","Food"
DS104_TOI_Notes_B8_269.txt,"level design choke point analysis","Gaming"
DS104_TOI_Notes_B8_270.txt,"cumulonimbus cloud formation rates","Weather"
DS104_TOI_Notes_B8_271.txt,"procession route permit logistics","Travel/Transportation"
DS104_TOI_Notes_B8_272.txt,"rappelling descender friction control","Outdoor Adventure"
DS104_TOI_Notes_B8_273.txt,"focal length depth of field calculations","Gaming"
DS104_TOI_Notes_B8_274.txt,"mix EQ frequencies for bass guitar","Music"
DS104_TOI_Notes_B8_275.txt,"subway rail gauge differences","Travel/Transportation"
DS104_TOI_Notes_B8_276.txt,"compass magnetic declination calculation","Hobbies"
DS104_TOI_Notes_B8_277.txt,"pottery kiln firing temperature schedules","Traditions"
DS104_TOI_Notes_B8_278.txt,"subway rail gauge differences","Travel/Transportation"
DS104_TOI_Notes_B8_279.txt,"maillard reaction temperature thresholds","Food"
DS104_TOI_Notes_B8_280.txt,"hammock suspension tree strap angles","Outdoor Adventure"
DS104_TOI_Notes_B8_281.txt,"dough hydration percentage calculations","Food"
DS104_TOI_Notes_B8_282.txt,"level design choke point analysis","Gaming"
DS104_TOI_Notes_B8_283.txt,"kayak route topographic map reading","Outdoor Adventure"
DS104_TOI_Notes_B8_284.txt,"dslr aperture and shutter speed combinations","Gaming"
DS104_TOI_Notes_B8_285.txt,"barometric pressure drop correlations","Weather"
DS104_TOI_Notes_B8_286.txt,"amateur radio antenna length tuning","Finance"
DS104_TOI_Notes_B8_287.txt,"subway rail gauge differences","Travel/Transportation"
DS104_TOI_Notes_B8_288.txt,"telescope equatorial mount alignment","Travel/Transportation"
DS104_TOI_Notes_B8_289.txt,"chemistry titration lab safety procedures","School & College life"
DS104_TOI_Notes_B8_290.txt,"lab equipment scheduling and calibration","School & College life"
DS104_TOI_Notes_B8_291.txt,"shader compilation stutter fixes","Gaming"
DS104_TOI_Notes_B8_292.txt,"aspect ratio framing techniques","Movies"
DS104_TOI_Notes_B8_293.txt,"trail grading elevation gain analysis","Outdoor Adventure"
DS104_TOI_Notes_B8_294.txt,"chemistry titration lab safety procedures","School & College life"
DS104_TOI_Notes_B8_295.txt,"dsp apert& shutte speed","Gaming"
DS104_TOI_Notes_B8_296.txt,"vendor procurement steps and RFP process","Finance"
DS104_TOI_Notes_B8_297.txt,"aerodynamic drag coefficient testing","Finance"
DS104_TOI_Notes_B8_298.txt,"sourdough starter feeding ratios","Food"
DS104_TOI_Notes_B8_299.txt,"isobar map pressure gradient force","Weather"
DS104_TOI_Notes_B8_300.txt,"transmission gear ratio calculations","Automotive"
