original_id,new_name,words_used,status
job1_1100,gotta finish design,3,renamed
job1_1102,i gotta meet,3,renamed
job1_1103,gotta fix,2,renamed
job1_1104,talking to dulce,3,renamed
job1_1105,my brother aubrey,3,renamed
job1_1107,axel my,2,renamed
job1_1108,cant believe mama,3,renamed
job1_1109,my uncle ximena,3,renamed
job1_1110,my papa eva,3,renamed
job1_1111,gotta ask my,3,renamed
job1_1112,wedding stress,2,renamed
job1_1113,my friend esmeralda,3,renamed
job1_1114,gotta call scarlett,3,renamed
job1_1115,my brother phoenix,3,renamed
job1_1116,grandpa victoria,2,renamed
job1_1117,gotta call my papa,4,renamed
job1_1118,gotta remind my,3,renamed
job1_1119,need to drop,3,renamed
job1_1120,my dad called,3,renamed
job1_1121,got skai,2,renamed
job1_1122,gotta text,2,renamed
job1_1123,sofia my,2,renamed
job1_1124,got a dinner,3,renamed
job1_1125,need to seend,3,renamed
job1_1126,gotta check in on my cuz,6,renamed
job1_1127,remy my dad,3,renamed
job1_1128,my wife gabriella,3,renamed
job1_1129,my sisterout is driving,4,renamed
job1_1130,keon my,2,renamed
job1_1131,my father,2,renamed
job1_1132,cant believe my,3,renamed
job1_1133,need to give,3,renamed
job1_1134,gotta wear,2,renamed
job2_1100,need to thank,3,renamed
job2_1101,gotta check in on my babe,6,renamed
job2_1102,just remot,2,renamed
job2_1103,new house,2,renamed
job2_1104,talking to lucia,3,renamed
job2_1105,melanie my,2,renamed
job2_1106,need to get gift,4,renamed
job2_1107,gonna ask my mom,4,renamed
job2_1108,my daughter marley,3,renamed
job2_1109,gonna ask my papa,4,renamed
job2_1110,need to confirm,3,renamed
job2_1111,cant beleve,2,renamed
job2_1112,my aunt isaiah,3,renamed
job2_1113,my friend emilio,3,renamed
job2_1114,got a great,3,renamed
job2_1115,gift for,2,renamed
job2_1116,my bestie william,3,renamed
job2_1117,dont forget,2,renamed
job2_1119,need to be,3,renamed
job2_1120,booking code jace,3,renamed
job2_1121,whn is my,3,renamed
job2_1122,sariah my,2,renamed
job2_1123,need to get groceries,4,renamed
job2_1124,mama antonio,2,renamed
job2_1125,need to ask cuz,4,renamed
job2_1126,kofi my,2,renamed
job2_1127,my girlfriend,2,renamed
job2_1131,got my,2,renamed
job2_1132,got into,2,renamed
job2_1133,my buddy rafael,3,renamed
job2_1134,my bestie dulce,3,renamed
job2_1135,rashad my mom,3,renamed
job2_1136,sebastian my,2,renamed
job2_1137,tension with my nana,4,renamed
job2_1138,whn is bryson,3,renamed
job2_1139,my uncle zuri,3,renamed
job2_1140,im mad,2,renamed
job2_1141,katherine my bestie,3,renamed
job2_1142,i need to ask my bestie,6,renamed
job2_1143,gotta check game,3,renamed
job2_1144,need to finalize wedding,4,renamed
job2_1145,my bro marquis,3,renamed
job2_1146,gotta remind dean,3,renamed
job2_1147,my cuz,2,renamed
job2_1148,gotta call armani,3,renamed
job2_1149,marquis my,2,renamed
job2_1150,cole my,2,renamed
job2_1152,gottabe at marys,3,renamed
job2_1153,thanks to,2,renamed
job2_1155,im so,2,renamed
job2_1156,nolan my,2,renamed
job2_1158,gotta go,2,renamed
job2_1159,gotta get flowers,3,renamed
job2_1160,liam my,2,renamed
job2_1161,my babe,2,renamed
job2_1162,benjamin my,2,renamed
job2_1163,need help,2,renamed
job2_1164,gotta ask maverick,3,renamed
job2_1165,cuz skai,2,renamed
job2_1166,just got tickets,3,renamed
job2_1167,my daughter raelynn,3,renamed
job2_1168,i gotta run,3,renamed
job2_1169,gonna ask emma,3,renamed
job2_1170,kareem my,2,renamed
job2_1172,aurora my,2,renamed
job2_1173,found out,2,renamed
job2_1174,gotta meet my papa,4,renamed
job2_1175,cant believe pablo,3,renamed
job2_1177,my husband journee,3,renamed
job2_1178,my buddy deja,3,renamed
job2_1179,my son bianca,3,renamed
job2_1180,my sister francisco,3,renamed
job2_1182,gonna pick,2,renamed
job2_1183,my dad gianna,3,renamed
job2_1184,packing clothws,2,renamed
job2_1185,gotta pack,2,renamed
job2_1186,my kid ace,3,renamed
job2_1187,katherine my partner,3,renamed
job2_1189,talking to sophia,3,renamed
job2_1191,talking to my,3,renamed
job2_1192,theodore my fianc,3,renamed
job2_1193,victoria my girlfriend,3,renamed
job2_1194,my nana,2,renamed
job2_1195,got meetinng,2,renamed
job2_1197,my husband henry,3,renamed
job2_1198,papa ana,2,renamed
job2_1199,gotta show,2,renamed
job2_1200,gotta tel,2,renamed
job2_1201,victoria my sister,3,renamed
job2_1202,victoria my brother,3,renamed
job2_1204,gotta talk,2,renamed
job2_1205,gotta mwet,2,renamed
job2_1206,need to meet my best,5,renamed
job2_1207,gotta finish invoicing,3,renamed
job2_1208,kinsley my,2,renamed
job2_1209,my sister gianna,3,renamed
job2_1210,whn is reid,3,renamed
job2_1212,gotta send clara,3,renamed
job2_1213,gotta get more,3,renamed
job2_1214,jade my,2,renamed
job2_1215,just got word,3,renamed
job2_1216,theodore my mom,3,renamed
job2_1217,got meeting,2,renamed
job2_1218,my kid nora,3,renamed
job2_1219,gotta drop off my,4,renamed
job2_1220,gonna ask auntie,3,renamed
job2_1221,kaia my,2,renamed
job2_1223,my fianc willow,3,renamed
job2_1224,piper my,2,renamed
job2_1225,just got out,3,renamed
job2_1226,baby on,2,renamed
job2_1227,my wife robert,3,renamed
job2_1228,my sis,2,renamed
job2_1229,need to dress,3,renamed
job2_1230,marco my,2,renamed
job2_1231,my uncle jonah,3,renamed
job2_1232,my papa james,3,renamed
job2_1233,scarlett my father,3,renamed
job2_1234,just got the,3,renamed
job2_1235,need haircut rn,3,renamed
job2_1236,my son alice,3,renamed
job2_1237,my kid alice,3,renamed
job2_1238,my cousin,2,renamed
job2_1239,theodore my best,3,renamed
job2_1240,grad party,2,renamed
job2_1241,got to meet,3,renamed
job3_1100,booking code with,3,renamed
job3_1101,finally got,2,renamed
job3_1102,driving to,2,renamed
job3_1103,my papa julian,3,renamed
job3_1104,gotta meet with,3,renamed
job3_1105,laila my sis,3,renamed
job3_1107,carmen my,2,renamed
job3_1108,my sister carolina,3,renamed
job3_1109,tension with my babe,4,renamed
job3_1110,need to pay car,4,renamed
job3_1111,remy my wife,3,renamed
job3_1112,gotta pick up kids,4,renamed
job3_1113,my sister cesar,3,renamed
job3_1114,gotta cal,2,renamed
job3_1115,my son mekhi,3,renamed
job3_1116,gotta pick up milk,4,renamed
job3_1118,my mom jalen,3,renamed
job3_1119,selena my,2,renamed
job3_1120,gottabe at work,3,renamed
job3_1121,my dad ramon,3,renamed
job3_1122,just moved,2,renamed
job3_1123,i have,2,renamed
job3_1124,my friend nia,3,renamed
job3_1125,yesenia my,2,renamed
job3_1126,liliana my,2,renamed
job3_1127,emulation code,2,renamed
job3_1128,naomi my,2,renamed
job3_1129,kamila my,2,renamed
job3_1130,need to review,3,renamed
job3_1131,my sisterout is sayong,4,renamed
job3_1133,audrey my,2,renamed
job3_1134,makenzie my,2,renamed
job3_1135,my buddy aliyah,3,renamed
job3_1136,just got engaged,3,renamed
job3_1137,got a showing,3,renamed
job3_1138,my auntie,2,renamed
job3_1139,gotta pay,2,renamed
job3_1140,my son ella,3,renamed
job3_1141,rashad my best,3,renamed
job3_1142,got nx,2,renamed
job3_1143,need to reschedule,3,renamed
job3_1144,my sisrerout,2,renamed
job3_1145,gotta remind kevin,3,renamed
job3_1146,just renewed,2,renamed
job3_1147,got dental,2,renamed
job3_1148,rashad my fianc,3,renamed
job3_1149,my bestie fernando,3,renamed
job3_1150,jury duty,2,renamed
job3_1151,my dad nia,3,renamed
job3_1152,got to get,3,renamed
job3_1153,dante my,2,renamed
job3_1154,my kid darius,3,renamed
job3_1155,gotta run,2,renamed
job3_1157,nevaeh my,2,renamed
job3_1158,my housemate,2,renamed
job3_1159,need to meet my bestie,5,renamed
job3_1160,my friend king,3,renamed
job3_1161,dad mackenzie,2,renamed
job3_1162,my bro andrea,3,renamed
job3_1163,i forgot,2,renamed
job3_1165,owen my,2,renamed
job3_1166,just found,2,renamed
job3_1167,parking pass,2,renamed
job3_1168,gotta prep,2,renamed
job3_1169,allison my,2,renamed
job3_1170,shes paying,2,renamed
job3_1171,gotta call my mom,4,renamed
job3_1172,mason my,2,renamed
job3_1173,genesis my,2,renamed
job3_1175,call tyler,2,renamed
job3_1176,faith my mom shes,4,renamed
job3_1178,sophie my,2,renamed
job3_1179,my uncle tristan,3,renamed
job3_1180,my mom taylor,3,renamed
job3_1181,need haircut asap,3,renamed
job3_1182,got jury,2,renamed
job3_1183,birthday party,2,renamed
job3_1184,gotta drop off meds,4,renamed
job3_1186,amelia my,2,renamed
job3_1187,rylee my,2,renamed
job3_1188,scarlett my dad,3,renamed
job3_1189,nora my,2,renamed
job3_1190,jaxon my,2,renamed
job3_1191,my mom robert,3,renamed
job3_1192,nana alexander,2,renamed
job3_1193,my son mia,3,renamed
job3_1194,my kid christian,3,renamed
job3_1195,logan my,2,renamed
job3_1196,my friend jaxon,3,renamed
job3_1197,taylor my,2,renamed
job3_1198,pick up,2,renamed
job3_1200,my aunt taylor,3,renamed
job4_1100,gotta finish grading,3,renamed
job4_1101,remy my bro,3,renamed
job4_1102,need to check,3,renamed
job4_1103,my friend brielle,3,renamed
job4_1104,need to send,3,renamed
job4_1105,got job,2,renamed
job4_1106,ivan my,2,renamed
job4_1107,just talked,2,renamed
job4_1108,gotta check in on my bro,6,renamed
job4_1109,kai my husband,3,renamed
job4_1110,laila my roommate,3,renamed
job4_1111,scarlett my bro,3,renamed
job4_1112,need to pay irs fines,5,renamed
job4_1113,need to finalize cake,4,renamed
job4_1114,i need to ask my dad,6,renamed
job4_1115,kai my housemate,3,renamed
job4_1116,need to prep,3,renamed
job4_1117,my brother leo,3,renamed
job4_1118,got tuition,2,renamed
job4_1119,my husbands,2,renamed
job4_1120,gotta pick up emmett,4,renamed
job4_1121,my bestie aaliyah,3,renamed
job4_1122,gotta send my,3,renamed
job4_1123,need to call saint,4,renamed
job4_1124,delilah my,2,renamed
job4_1125,gotta drop off paperwork,4,renamed
job4_1126,need to get coffee,4,renamed
job4_1127,my fianc adriana,3,renamed
job4_1128,gotta meet declan,3,renamed
job4_1129,need to ask my,4,renamed
job4_1130,need to call my,4,renamed
job4_1131,texting my,2,renamed
job4_1133,my uncle marisol,3,renamed
job4_1135,my sister marco,3,renamed
job4_1136,my bestie ace,3,renamed
job4_1137,emilio my,2,renamed
job4_1138,papa eloise,2,renamed
job4_1139,vet visit,2,renamed
job4_1141,gotta tell,2,renamed
job4_1142,jace my,2,renamed
job4_1143,faith my mom says,4,renamed
job4_1144,gotta buy,2,renamed
job4_1145,luna my,2,renamed
job4_1146,gotta meet my boyfriend,4,renamed
job4_1147,gabriel my,2,renamed
job4_1148,need to pay irs fies,5,renamed
job4_1149,need to tell,3,renamed
job4_1150,papa tyler,2,renamed
job4_1151,gotta pick up my,4,renamed
job4_1152,booking code for,3,renamed
job4_1153,evelyn my,2,renamed
job4_1154,need to take,3,renamed
