original_id,source_job,new_name
1100,8726d2e0ef1a - 5,kingston my direct
1101,8726d2e0ef1a - 5,lyra my sitter
1102,8726d2e0ef1a - 5,gotta dop kid
1103,8726d2e0ef1a - 5,idk how to
1104,8726d2e0ef1a - 5,saoirse my best
1105,8726d2e0ef1a - 5,my bro ryder
1106,8726d2e0ef1a - 5,my team lead
1107,8726d2e0ef1a - 5,need to teext
1108,8726d2e0ef1a - 5,need to call
1109,8726d2e0ef1a - 5,onyx my mom
1110,8726d2e0ef1a - 5,gotta finish project
1111,8726d2e0ef1a - 5,gotta call khalil
1112,8726d2e0ef1a - 5,my step bro
1113,8726d2e0ef1a - 5,leo my dad
1114,8726d2e0ef1a - 5,my hoisemate elena
1115,8726d2e0ef1a - 5,gotta pick up
1116,8726d2e0ef1a - 5,gotta book pedicure
1117,8726d2e0ef1a - 5,gotta takk to
1118,8726d2e0ef1a - 5,my dad theo
1119,8726d2e0ef1a - 5,need to buy
1120,8726d2e0ef1a - 5,my landscaper isaiah
1121,8726d2e0ef1a - 5,flying 2moro
1122,8726d2e0ef1a - 5,gonna take royal
1123,8726d2e0ef1a - 5,serenity my coach
1124,8726d2e0ef1a - 5,got a picnic
1125,8726d2e0ef1a - 5,got acctg bill
1126,8726d2e0ef1a - 5,dental appt
1127,8726d2e0ef1a - 5,rafael my best
1128,8726d2e0ef1a - 5,sofia my kid
1129,8726d2e0ef1a - 5,need to grab
1130,8726d2e0ef1a - 5,gotta meet beckett
1131,8726d2e0ef1a - 5,tariq my msnager
1132,8726d2e0ef1a - 5,pause subs
1133,8726d2e0ef1a - 5,imani the sitter
1134,8726d2e0ef1a - 5,just got my
1135,8726d2e0ef1a - 5,my dad marquis
1136,8726d2e0ef1a - 5,alejandro loves the
1137,8726d2e0ef1a - 5,gotta get gate
1138,8726d2e0ef1a - 5,my dad says
1139,8726d2e0ef1a - 5,my bpss max
1140,8726d2e0ef1a - 5,gotta get popcorn
1141,8726d2e0ef1a - 5,need to tell
1142,8726d2e0ef1a - 5,need to talk
1143,8726d2e0ef1a - 5,gotta pack sunscreen
1144,8726d2e0ef1a - 5,need to ask
1145,8726d2e0ef1a - 5,gonnabe talkig to
1146,8726d2e0ef1a - 5,scarlett my mama
1147,8726d2e0ef1a - 5,dmv renewl is
1148,8726d2e0ef1a - 5,visit pumpkin patch
1149,8726d2e0ef1a - 5,need to cll
1150,8726d2e0ef1a - 5,gotta call ainsley
1151,8726d2e0ef1a - 5,gotta renew tsa
1152,8726d2e0ef1a - 5,need to pack
1100,b81df3dc6825 - 6,doc appt witth
1101,b81df3dc6825 - 6,antoniio is plaaning
1102,b81df3dc6825 - 6,need to make
1103,b81df3dc6825 - 6,my mom says
1104,b81df3dc6825 - 6,gotta meet cesar
1105,b81df3dc6825 - 6,just brokke up
1106,b81df3dc6825 - 6,need to hand
1107,b81df3dc6825 - 6,gotta pay utilities
1108,b81df3dc6825 - 6,gotta send zon
1109,b81df3dc6825 - 6,jude my bestie
1110,b81df3dc6825 - 6,stevie my best
1111,b81df3dc6825 - 6,gotta return library
1112,b81df3dc6825 - 6,gotta pick up my
1113,b81df3dc6825 - 6,need to tell my
1114,b81df3dc6825 - 6,thx pops marco
1115,b81df3dc6825 - 6,gotta call my
1116,b81df3dc6825 - 6,gotta mail package
1117,b81df3dc6825 - 6,need to ask my
1118,b81df3dc6825 - 6,my partnr lucy
1119,b81df3dc6825 - 6,need to call my
1120,b81df3dc6825 - 6,need to get
1121,b81df3dc6825 - 6,need to get lucia
1122,b81df3dc6825 - 6,my mom said
1123,b81df3dc6825 - 6,gotta meet my
1124,b81df3dc6825 - 6,got my shopping
1125,b81df3dc6825 - 6,reagan my mama
1126,b81df3dc6825 - 6,got a vet
1127,b81df3dc6825 - 6,need to hit
1128,b81df3dc6825 - 6,gonna have my
1129,b81df3dc6825 - 6,my sister estrella
1130,b81df3dc6825 - 6,my mama emily
1131,b81df3dc6825 - 6,my friend colton
1132,b81df3dc6825 - 6,got concert tix
1133,b81df3dc6825 - 6,gotta check my
1134,b81df3dc6825 - 6,gotta call devonte
1135,b81df3dc6825 - 6,imani my cusin
1136,b81df3dc6825 - 6,need 2 run
1138,b81df3dc6825 - 6,gotta ask eva
1139,b81df3dc6825 - 6,gotta remind my
1140,b81df3dc6825 - 6,my godfather tyrell
1141,b81df3dc6825 - 6,just got out
1142,b81df3dc6825 - 6,my aunt kylie
1143,b81df3dc6825 - 6,gotta meet yesenia
1144,b81df3dc6825 - 6,gotta talk to
1145,b81df3dc6825 - 6,need to fix
1146,b81df3dc6825 - 6,i need to
1147,b81df3dc6825 - 6,omari my bf
1148,b81df3dc6825 - 6,james my running
1149,b81df3dc6825 - 6,lawyer appt
1150,b81df3dc6825 - 6,drop off at
1151,b81df3dc6825 - 6,my new client
1152,b81df3dc6825 - 6,gotta get tickets
1153,b81df3dc6825 - 6,i got a
1154,b81df3dc6825 - 6,gotta meet wiith
1155,b81df3dc6825 - 6,thank god holiday
1156,b81df3dc6825 - 6,need aquarium tickets
1157,b81df3dc6825 - 6,otis my lead
1158,b81df3dc6825 - 6,gotta meeet charlote
1159,b81df3dc6825 - 6,gotta ask my
1160,b81df3dc6825 - 6,gotta pick up toools
1161,b81df3dc6825 - 6,just got to
1162,b81df3dc6825 - 6,my cousin stevie
1163,b81df3dc6825 - 6,my mom baileey
1164,b81df3dc6825 - 6,concert tix
1165,b81df3dc6825 - 6,gonna meet my
1167,b81df3dc6825 - 6,need to mil
1168,b81df3dc6825 - 6,javier my bro
1169,b81df3dc6825 - 6,gotta pick up kids
1170,b81df3dc6825 - 6,need 2 pay
1171,b81df3dc6825 - 6,my realtor soren
1172,b81df3dc6825 - 6,my mom tessa
1173,b81df3dc6825 - 6,my grandpa xavier
1174,b81df3dc6825 - 6,wanna cancel gym
1175,b81df3dc6825 - 6,mary my direct
1176,b81df3dc6825 - 6,gotta reschedule dmv
1177,b81df3dc6825 - 6,gotta pick up more
1178,b81df3dc6825 - 6,tyler my stepdad
1179,b81df3dc6825 - 6,kai my babe
1180,b81df3dc6825 - 6,gotta talk to my
1181,b81df3dc6825 - 6,aurora my client
1182,b81df3dc6825 - 6,got hotel booking
1183,b81df3dc6825 - 6,my landscaper maddox
1184,b81df3dc6825 - 6,gotta schedule appt
1185,b81df3dc6825 - 6,gotta caall ramon
1186,b81df3dc6825 - 6,my step kid
1187,b81df3dc6825 - 6,gotta cancel gym
1188,b81df3dc6825 - 6,need to renew
1189,b81df3dc6825 - 6,madelyn my small
1190,b81df3dc6825 - 6,ty my son
1191,b81df3dc6825 - 6,onyx my sitter
1192,b81df3dc6825 - 6,game night woes
1193,b81df3dc6825 - 6,need to pack sunscreen
1194,b81df3dc6825 - 6,need combo for
1195,b81df3dc6825 - 6,ashley the lady
1196,b81df3dc6825 - 6,gotta drop off
1197,b81df3dc6825 - 6,get meds for
1198,b81df3dc6825 - 6,my aunt maya
1199,b81df3dc6825 - 6,lowkey steamed at
1200,b81df3dc6825 - 6,my intwrn lincoln
1201,b81df3dc6825 - 6,just got report
1202,b81df3dc6825 - 6,need to ask ignacio
1204,b81df3dc6825 - 6,gotta meet major
1205,b81df3dc6825 - 6,gotta get oil
1206,b81df3dc6825 - 6,mama beatriiz helpped
1207,b81df3dc6825 - 6,geting to practice
1208,b81df3dc6825 - 6,manuel my colleague
1209,b81df3dc6825 - 6,need to pickup
1210,b81df3dc6825 - 6,need to reschedule
1211,b81df3dc6825 - 6,gonnabe alot of
1212,b81df3dc6825 - 6,gonna drop off
1213,b81df3dc6825 - 6,gotta get oil change
1214,b81df3dc6825 - 6,nico my dad
1215,b81df3dc6825 - 6,my son cesar
1216,b81df3dc6825 - 6,katherine my cuz
1217,b81df3dc6825 - 6,my mom fernanda
1218,b81df3dc6825 - 6,marquis my dad
1219,b81df3dc6825 - 6,gotta meet layla
1220,b81df3dc6825 - 6,playdate at home
1221,b81df3dc6825 - 6,need to cakl
1222,b81df3dc6825 - 6,my son francisco
1223,b81df3dc6825 - 6,got new job
1224,b81df3dc6825 - 6,gotta pick up vitqmins
1225,b81df3dc6825 - 6,my intern saniyah
1226,b81df3dc6825 - 6,need to review
1227,b81df3dc6825 - 6,gotta pick up milk
1228,b81df3dc6825 - 6,need to send
1229,b81df3dc6825 - 6,need consult with
1230,b81df3dc6825 - 6,gotta review nurses
1231,b81df3dc6825 - 6,gotta thank my
1232,b81df3dc6825 - 6,need to call my dad
1233,b81df3dc6825 - 6,need to run
1234,b81df3dc6825 - 6,need to get gift
1235,b81df3dc6825 - 6,gotta tell my
1236,b81df3dc6825 - 6,papa oscar gave
1237,b81df3dc6825 - 6,need to get key
1239,b81df3dc6825 - 6,nico my dad is
1240,b81df3dc6825 - 6,just found out
1241,b81df3dc6825 - 6,need booking code
1242,b81df3dc6825 - 6,gotta review my
1243,b81df3dc6825 - 6,gotta pick up lottery
1244,b81df3dc6825 - 6,catalina my best
1245,b81df3dc6825 - 6,gotta call my bddy
1246,b81df3dc6825 - 6,meal prep containers
1247,b81df3dc6825 - 6,my gym friend
1248,b81df3dc6825 - 6,pilar my aunt
1249,b81df3dc6825 - 6,gotta practice guitar
1250,b81df3dc6825 - 6,gotta call spectrum
1251,b81df3dc6825 - 6,oscar my dad
1252,b81df3dc6825 - 6,need to pause
1253,b81df3dc6825 - 6,ezra my step
1254,b81df3dc6825 - 6,talking to my
1255,b81df3dc6825 - 6,need to ask my sister
1256,b81df3dc6825 - 6,gotta hit up
1257,b81df3dc6825 - 6,zara my girlfreind
1258,b81df3dc6825 - 6,my mom is
1259,b81df3dc6825 - 6,aunt dukce keeps
1260,b81df3dc6825 - 6,gotta stop by
1261,b81df3dc6825 - 6,messiah update
1262,b81df3dc6825 - 6,my co parent
1263,b81df3dc6825 - 6,gotta pick up quinn
1264,b81df3dc6825 - 6,mayas my supplier
1265,b81df3dc6825 - 6,gotta tell luna
1266,b81df3dc6825 - 6,parker my frieend
1267,b81df3dc6825 - 6,my youth leader
1268,b81df3dc6825 - 6,need to prep
1269,b81df3dc6825 - 6,i need to hit
1270,b81df3dc6825 - 6,need to ask my partner
1271,b81df3dc6825 - 6,noah my step
1272,b81df3dc6825 - 6,lyra loves watcjing
1273,b81df3dc6825 - 6,gotta meet with
1274,b81df3dc6825 - 6,gotta pick up kids from
1275,b81df3dc6825 - 6,landon my father
1276,b81df3dc6825 - 6,my sister madeline
1277,b81df3dc6825 - 6,zoey my kids
1279,b81df3dc6825 - 6,my step kid indie
1280,b81df3dc6825 - 6,gotta pacck my
1281,b81df3dc6825 - 6,gerardo my soccer
1282,b81df3dc6825 - 6,gotta talk to makenzie
1283,b81df3dc6825 - 6,gotta conirm party
