original_id,original_txt_name,original_jpg_name,new_name,words_used,status
1100,1100_en_US_notes_contacts___PART032_1.txt,1100 jasmine Sullivan Real Estate Agent 20252.jpg,jasmine sullivan real,3,renamed
1101,1101_en_US_notes_contacts___PART032_2.txt,1101 caleb Basketball Trainer Omaha 215 30389.jpg,caleb basketball,2,renamed
1102,1102_en_US_notes_contacts___PART032_3.txt,1102 talked to Leo Dermatologist 4705059295.jpg,talked to leo,3,renamed
1103,1103_en_US_notes_contacts___PART032_4.txt,1103 Nina Murphy - practice schedule for next.jpg,nina murphy,2,renamed
1104,1104_en_US_notes_contacts___PART032_5.txt,1104 checked with Griffin Pharmacy Tech 81830.jpg,checked with griffin,3,renamed
1105,1105_en_US_notes_contacts___PART032_6.txt,1105 mila Benntet Election Volunteer 30551910.jpg,mila benntet,2,renamed
1106,1106_en_US_notes_contacts___PART032_7.txt,1106 marcus Hayes Dermatologiist San Diego 21.jpg,marcus hayes,2,renamed
1107,1107_en_US_notes_contacts___PART032_8.txt,1107 call Eboni Rivera Dorm Office about fina.jpg,call eboni,2,renamed
1108,1108_en_US_notes_contacts___PART032_9.txt,1108 Evna - oil chhange  brale chheck due.jpg,evna oil,2,renamed
1109,1109_en_US_notes_contacts___PART032_10.txt,1109 andr eRoss Tennis Instructor 4159007383.jpg,andr eross,2,renamed
1110,1110_en_US_notes_contacts___PART032_11.txt,1110 lucia Mendez.jpg,lucia mendez,2,renamed
1111,1111_en_US_notes_contacts___PART032_12.txt,1111 Met Noah Pilates Instructor from Columbu.jpg,met noah,2,renamed
1112,1112_en_US_notes_contacts___PART032_13.txt,1112 jordan.jpg,jordan 602,2,renamed
1113,1113_en_US_notes_contacts___PART032_14.txt,1113 talked to Miles Coworker from Orlando ab.jpg,talked to miles,3,renamed
1114,1114_en_US_notes_contacts___PART032_15.txt,1114 Dylan Bailey Real Estate Agent Charlotte.jpg,dylan bailey,2,renamed
1115,1115_en_US_notes_contacts___PART032_16.txt,1115 kara Fosster Car Inspection Baltimore 64.jpg,kara fosster,2,renamed
1116,1116_en_US_notes_contacts___PART032_17.txt,1116 aaliya hColeman Nail Tech 8014526366.jpg,aaliya hcoleman,2,renamed
1117,1117_en_US_notes_contacts___PART032_18.txt,1117 Naomi rPce Optometrist Atlanta 267-594-2.jpg,naomi rpce,2,renamed
1118,1118_en_US_notes_contacts___PART032_19.txt,1118 called Logan Hayes Gym Trainer 702 607 2.jpg,called logan,2,renamed
1119,1119_en_US_notes_contacts___PART032_20.txt,1119 tucker Murphy.jpg,tucker murphy,2,renamed
1120,1120_en_US_notes_contacts___PART033_21.txt,1120 Bella - ask about retainer cost.jpg,bella ask,2,renamed
1121,1121_en_US_notes_contacts___PART033_22.txt,1121 maya Serling Pgotographer 516 801 4528.jpg,maya serling,2,renamed
1122,1122_en_US_notes_contacts___PART033_23.txt,1122 call AeryB ailey Nail Tech about picck u.jpg,call aeryb,2,renamed
1123,1123_en_US_notes_contacts___PART033_24.txt,1123 derek Car Inspection Miami 3037882478.jpg,derek car,2,renamed
1124,1124_en_US_notes_contacts___PART033_25.txt,1124 mateo.jpg,mateo 3106728250,2,renamed
1125,1125_en_US_notes_contacts___PART033_26.txt,1125 bianca - suit alterations for the weddin.jpg,bianca suit,2,renamed
1126,1126_en_US_notes_contacts___PART033_27.txt,1126 elena Tennis Intructor 6177694984.jpg,elena tennis,2,renamed
1127,1127_en_US_notes_contacts___PART033_28.txt,1127 Talked to Camila Patel Bowling League Co.jpg,talked to camila patel,4,renamed
1128,1128_en_US_notes_contacts___PART033_29.txt,1128 Rafael Sterling.jpg,rafael sterling,2,renamed
1129,1129_en_US_notes_contacts___PART033_30.txt,1129 met Fiona Foster Insurance Agent feom Bo.jpg,met fiona,2,renamed
1130,1130_en_US_notes_contacts___PART033_31.txt,1130 wesley Disz - ask abbout retainer cst.jpg,wesley disz,2,renamed
1131,1131_en_US_notes_contacts___PART033_32.txt,1131 Checked with Sofia Yoga Coach.jpg,checked with sofia,3,renamed
1132,1132_en_US_notes_contacts___PART033_33.txt,1132 Reese Morgan Driving Instructor 64673128.jpg,reese morgan,2,renamed
1133,1133_en_US_notes_contacts___PART033_34.txt,1133 sarah Price.jpg,sarah price,2,renamed
1134,1134_en_US_notes_contacts___PART033_35.txt,1134 logan Bennett.jpg,logan bennett,2,renamed
1135,1135_en_US_notes_contacts___PART033_36.txt,1135 parker Mobile Detailing 4047042308.jpg,parker mobile,2,renamed
1136,1136_en_US_notes_contacts___PART033_37.txt,1136 Owen - reservations for 5.jpg,owen reservations,2,renamed
1137,1137_en_US_notes_contacts___PART033_38.txt,1137 Met Mateo Bennett HVAC Repair about ac r.jpg,met mateo,2,renamed
1138,1138_en_US_notes_contacts___PART033_39.txt,1138 miles Patel.jpg,miles patel,2,renamed
1139,1139_en_US_notes_contacts___PART033_40.txt,1139 mateo Price Auto Shop 7542366467.jpg,mateo price,2,renamed
1140,1140_en_US_notes_contacts___PART034_41.txt,1140 noahR eed - installation for smart senso.jpg,noahr eed,2,renamed
1141,1141_en_US_notes_contacts___PART034_42.txt,1141 mila.jpg,mila 650,2,renamed
1142,1142_en_US_notes_contacts___PART034_43.txt,1142 Evan DJ Sacramento 6025524007.jpg,evan dj,2,renamed
1143,1143_en_US_notes_contacts___PART034_44.txt,1143 parekr.jpg,parekr 267,2,renamed
1144,1144_en_US_notes_contacts___PART034_45.txt,1144 averyR ivera - ask aboyt chair rental in.jpg,averyr ivera,2,renamed
1145,1145_en_US_notes_contacts___PART034_46.txt,1145 bella Bailey Gym Trainer 212 400 6964.jpg,bella bailey,2,renamed
1146,1146_en_US_notes_contacts___PART034_47.txt,1146 check with Derek Brooks Landscaping abou.jpg,check with derek,3,renamed
1147,1147_en_US_notes_contacts___PART034_48.txt,1147 avery.jpg,avery 215,2,renamed
1148,1148_en_US_notes_contacts___PART034_49.txt,1148 Met Andre Bennett Fish Tank Cleaning 201.jpg,met andre,2,renamed
1149,1149_en_US_notes_contacts___PART034_50.txt,1149 derke Hayes Yoga Coavh Detroit 404723192.jpg,derke hayes,2,renamed
1150,1150_en_US_notes_contacts___PART034_51.txt,1150 fioan Price - ask about puppy training s.jpg,fioan price,2,renamed
1151,1151_en_US_notes_contacts___PART034_52.txt,1151 rafael Miller Dry Cleaner 6022507901.jpg,rafael miller,2,renamed
1152,1152_en_US_notes_contacts___PART034_53.txt,1152 Nina Stwrling Party Rental 7043902155.jpg,nina stwrling,2,renamed
1153,1153_en_US_notes_contacts___PART034_54.txt,1153 checked with Lucia Patel Piano Teacher 4.jpg,checked with lucia patel,4,renamed
1154,1154_en_US_notes_contacts___PART034_55.txt,1154 Miles Sullivan.jpg,miles sullivan,2,renamed
1155,1155_en_US_notes_contacts___PART034_56.txt,1155 check with DerekF oster Gutter Cleaning .jpg,check with derekf,3,renamed
1156,1156_en_US_notes_contacts___PART034_57.txt,1156 leo Club Organizer Louissville 305690133.jpg,leo club,2,renamed
1157,1157_en_US_notes_contacts___PART034_58.txt,1157 called Caeb Ross Phone Repair about rpai.jpg,called caeb,2,renamed
1158,1158_en_US_notes_contacts___PART034_59.txt,1158 check with Eboni Milelr Venue Manager 90.jpg,check with eboni milelr,4,renamed
1159,1159_en_US_notes_contacts___PART034_60.txt,1159 hit up Logan Reed Phone Repaair from Oma.jpg,hit up logan,3,renamed
1160,1160_en_US_notes_contacts___PART035_61.txt,1160 dylan Price - dorm maintenance follow-up.jpg,dylan price,2,renamed
1161,1161_en_US_notes_contacts___PART035_62.txt,1161 leo Carter Mobile Detailing 901 644 5446.jpg,leo carter,2,renamed
1162,1162_en_US_notes_contacts___PART035_63.txt,1162 Jasmine Murphy - send tax docs over.jpg,jasmine murphy,2,renamed
1163,1163_en_US_notes_contacts___PART035_64.txt,1163 mateo Sullivan Bozing Coach 9195491024.jpg,mateo sullivan,2,renamed
1164,1164_en_US_notes_contacts___PART035_65.txt,1164 Nina Colman - pt eval for knee pain.jpg,nina colman,2,renamed
1165,1165_en_US_notes_contacts___PART035_66.txt,1165 caleb Rivera Guitar Tutor 305 8318389.jpg,caleb rivera,2,renamed
1166,1166_en_US_notes_contacts___PART035_67.txt,1166 talked to Nina Hayes Pickleball Group fr.jpg,talked to nina,3,renamed
1167,1167_en_US_notes_contacts___PART035_68.txt,1167 rafael Diz.jpg,rafael diz,2,renamed
1168,1168_en_US_notes_contacts___PART035_69.txt,1168 naomi Sterling.jpg,naomi sterling,2,renamed
1169,1169_en_US_notes_contacts___PART035_70.txt,1169 Owen Hyes - confirm escrow details in Om.jpg,owen hyes,2,renamed
1170,1170_en_US_notes_contacts___PART035_71.txt,1170 hit up Dylan Brooks Golf Coaxh from Port.jpg,hit up dylan,3,renamed
1171,1171_en_US_notes_contacts___PART035_72.txt,1171 checked with Mateo Bailey Tittle Company.jpg,checked with mateo bailey,4,renamed
1172,1172_en_US_notes_contacts___PART035_73.txt,1172 Met Tucker Vance Tailor from Miami.jpg,met tucker,2,renamed
1173,1173_en_US_notes_contacts___PART035_74.txt,1173 called Sfia Mortgage Broker about send t.jpg,called sfia,2,renamed
1174,1174_en_US_notes_contacts___PART035_75.txt,1174 bianca Morgan - pickup from airport arri.jpg,bianca morgan,2,renamed
1175,1175_en_US_notes_contacts___PART035_76.txt,1175 called Dylan Carter Vet from Atlanta.jpg,called dylan,2,renamed
1176,1176_en_US_notes_contacts___PART035_77.txt,1176 griffinR oss - league fees due soon.jpg,griffinr oss,2,renamed
1177,1177_en_US_notes_contacts___PART035_78.txt,1177 txtd Camila Volunteer Coordinator about .jpg,txtd camila,2,renamed
1178,1178_en_US_notes_contacts___PART035_79.txt,1178 txtd Noah Cladsmate 6507043523.jpg,txtd noah,2,renamed
1179,1179_en_US_notes_contacts___PART035_80.txt,1179 met Evna Golf Coach.jpg,met evna,2,renamed
1180,1180_en_US_notes_contacts___PART036_81.txt,1180 andre Price Print Shop 6507414601.jpg,andre price,2,renamed
1181,1181_en_US_notes_contacts___PART036_82.txt,1181 mateo Rerd Bowling League Contacct 516 7.jpg,mateo rerd,2,renamed
1182,1182_en_US_notes_contacts___PART036_83.txt,1182 griffin Morgan - dog meds refill.jpg,griffin morgan,2,renamed
1183,1183_en_US_notes_contacts___PART036_84.txt,1183 jordan Patel Pet Sitter Atlanta 30596448.jpg,jordan patel,2,renamed
1184,1184_en_US_notes_contacts___PART036_85.txt,1184 eboni Benett.jpg,eboni benett,2,renamed
1185,1185_en_US_notes_contacts___PART036_86.txt,1185 nina Coleman Driving Instructor 929-900-.jpg,nina coleman,2,renamed
1186,1186_en_US_notes_contacts___PART036_87.txt,1186 checked with Jasmine Swim Instructor fro.jpg,checked with jasmine,3,renamed
1187,1187_en_US_notes_contacts___PART036_88.txt,1187 andre - practice schedule for nexxt week.jpg,andre practice,2,renamed
1188,1188_en_US_notes_contacts___PART036_89.txt,1188 marcus.jpg,marcus vemue,2,renamed
1189,1189_en_US_notes_contacts___PART036_90.txt,1189 sofia Sterlnig Election Volunteer 267 78.jpg,sofia sterlnig,2,renamed
1190,1190_en_US_notes_contacts___PART036_91.txt,1190 evan Mendez Teacher Detroit 2024898142.jpg,evan mendez teacher,3,renamed
1191,1191_en_US_notes_contacts___PART036_92.txt,1191 miles Library Contqct 754 395 2048.jpg,miles library,2,renamed
1192,1192_en_US_notes_contacts___PART036_93.txt,1192 called Nina Patel Mortgage Broker about .jpg,called nina patel,3,renamed
1193,1193_en_US_notes_contacts___PART036_94.txt,1193 calbe Carter.jpg,calbe carter,2,renamed
1194,1194_en_US_notes_contacts___PART036_95.txt,1194 Logan Foster Pest Control 201-266-8949.jpg,logan foster,2,renamed
1195,1195_en_US_notes_contacts___PART036_96.txt,1195 griffin - follow up on adoption applicat.jpg,griffin follow,2,renamed
1196,1196_en_US_notes_contacts___PART036_97.txt,1196 Elena Diaz Running Ckub Lead 801-285-451.jpg,elena diaz,2,renamed
1197,1197_en_US_notes_contacts___PART036_98.txt,1197 sofia Morgna - league fees due soon.jpg,sofia morgna,2,renamed
1198,1198_en_US_notes_contacts___PART036_99.txt,1198 mila Foster Dog Teainer Baltimore 516-21.jpg,mila foster,2,renamed
1199,1199_en_US_notes_contacts___PART036_100.txt,1199 Reese Mendez - ceramic coating nxt month.jpg,reese mendez,2,renamed
1200,1200_en_US_notes_contacts___PART037_101.txt,1200 check with Evna Teacher about dorm maint.jpg,check with evna,3,renamed
1201,1201_en_US_notes_contacts___PART037_102.txt,1201 hit up Caleb uHHghes Bike Shop 702-280-9.jpg,hit up caleb,3,renamed
1202,1202_en_US_notes_contacts___PART037_103.txt,1202 logan Mrgan - ac repair call for upstair.jpg,logan mrgan,2,renamed
1203,1203_en_US_notes_contacts___PART037_104.txt,1203 rafael Hayes - installation for smart se.jpg,rafael hayes,2,renamed
1204,1204_en_US_notes_contacts___PART037_105.txt,1204 Elean Techer 7048996602.jpg,elean techer,2,renamed
1205,1205_en_US_notes_contacts___PART037_106.txt,1205 call Griffin Pharmacy Tech from Las Vega.jpg,call griffin,2,renamed
1206,1206_en_US_notes_contacts___PART037_107.txt,1206 jasmine Ross Auto Shop 3239245953.jpg,jasmine ross,2,renamed
1207,1207_en_US_notes_contacts___PART037_108.txt,1207 elena - teaches acoustic and electric bo.jpg,elena teaches,2,renamed
1208,1208_en_US_notes_contacts___PART037_109.txt,1208 Talked to Noah Sterling Neighbor from Om.jpg,talked to noah,3,renamed
1209,1209_en_US_notes_contacts___PART037_110.txt,1209 hit up Fiona Murhpy Pet Control.jpg,hit up fiona,3,renamed
1210,1210_en_US_notes_contacts___PART037_111.txt,1210 Dylan Prive - eye exam appt next tuesday.jpg,dylan prive,2,renamed
1211,1211_en_US_notes_contacts___PART037_112.txt,1211 Evan.jpg,evan print,2,renamed
1212,1212_en_US_notes_contacts___PART037_113.txt,1212 call Wesley Sullivan Mortgage Broker fro.jpg,call wesley,2,renamed
1213,1213_en_US_notes_contacts___PART037_114.txt,1213 hit up Sofia Murphy Neighbor from Louisv.jpg,hit up sofia,3,renamed
1214,1214_en_US_notes_contacts___PART037_115.txt,1214 called Mateo Ross Piano Teacher from Tam.jpg,called mateo,2,renamed
1215,1215_en_US_notes_contacts___PART037_116.txt,1215 bianca Hughes Music Instructor Memphs 21.jpg,bianca hughes,2,renamed
1216,1216_en_US_notes_contacts___PART037_117.txt,1216 reese Vance - needs front tire estimate.jpg,reese vance needs,3,renamed
1217,1217_en_US_notes_contacts___PART037_118.txt,1217 met Leo Guitar Tutor abut send playlist .jpg,met leo,2,renamed
1218,1218_en_US_notes_contacts___PART037_119.txt,1218 call Fiona Nail Tech about pick up dry c.jpg,call fiona,2,renamed
1219,1219_en_US_notes_contacts___PART037_120.txt,1219 checked with Aaliyah Carter Eyebrow Thre.jpg,checked with aaliyah,3,renamed
1220,1220_en_US_notes_contacts___PART038_121.txt,1220 nina Foster Mortgage Broker 213-849-4609.jpg,nina foster,2,renamed
1221,1221_en_US_notes_contacts___PART038_122.txt,1221 Naomi.jpg,naomi 2015602888,2,renamed
1222,1222_en_US_notes_contacts___PART038_123.txt,1222 naomi Ross Chiropractor 754 8831507.jpg,naomi ross,2,renamed
1223,1223_en_US_notes_contacts___PART038_124.txt,1223 Met Avery Miller Yoga Coach from Raeigh .jpg,met avery,2,renamed
1224,1224_en_US_notes_contacts___PART038_125.txt,1224 sofia Patel - dorm maintenance follow-up.jpg,sofia patel,2,renamed
1225,1225_en_US_notes_contacts___PART038_126.txt,1225 talked to Mila Dog Groomer from Philadel.jpg,talked to mila,3,renamed
1226,1226_en_US_notes_contacts___PART038_127.txt,1226 Sarah Fosteer - dog mds refill in Raleig.jpg,sarah fosteer dog,3,renamed
1227,1227_en_US_notes_contacts___PART038_128.txt,1227 logan Diaz.jpg,logan diaz,2,renamed
1228,1228_en_US_notes_contacts___PART038_129.txt,1228 Bianca Daiz.jpg,bianca daiz,2,renamed
1229,1229_en_US_notes_contacts___PART038_130.txt,1229 checked with Lucia Piano Teacher about t.jpg,checked with lucia piano,4,renamed
1230,1230_en_US_notes_contacts___PART038_131.txt,1230 maya Bennett.jpg,maya bennett,2,renamed
1231,1231_en_US_notes_contacts___PART038_132.txt,1231 Derek Bailey Party Rental Dwtroit 404 56.jpg,derek bailey,2,renamed
1232,1232_en_US_notes_contacts___PART038_133.txt,1232 talked to Marcis Diaz Tutor from Detroit.jpg,talked to marcis,3,renamed
1233,1233_en_US_notes_contacts___PART038_134.txt,1233 txtd Avery Optometrist.jpg,txtd avery,2,renamed
1234,1234_en_US_notes_contacts___PART038_135.txt,1234 Mtaeo.jpg,mtaeo 2248,2,renamed
1235,1235_en_US_notes_contacts___PART038_136.txt,1235 saarh Murphy Classmate Columbus 41532062.jpg,saarh murphy,2,renamed
1236,1236_en_US_notes_contacts___PART038_137.txt,1236 andre Foster - swong beginner class on w.jpg,andre foster,2,renamed
1237,1237_en_US_notes_contacts___PART038_138.txt,1237 sarah Carter.jpg,sarah carter,2,renamed
1238,1238_en_US_notes_contacts___PART038_139.txt,1238 fiona Hughes.jpg,fiona hughes,2,renamed
1239,1239_en_US_notes_contacts___PART038_140.txt,1239 Jasmine Sullivan.jpg,jasmine sullivan 929,3,renamed
1240,1240_en_US_notes_contacts___PART039_141.txt,1240 check with Tucker Handyman froom Memphis.jpg,check with tucker,3,renamed
1241,1241_en_US_notes_contacts___PART039_142.txt,1241 call Kara Hughes Print Shop about repair.jpg,call kara,2,renamed
1242,1242_en_US_notes_contacts___PART039_143.txt,1242 nina Fooster Tailoor 2139387231.jpg,nina fooster,2,renamed
1243,1243_en_US_notes_contacts___PART039_144.txt,1243 hit up Noah Pest Control from San Diiego.jpg,hit up noah,3,renamed
1244,1244_en_US_notes_contacts___PART039_145.txt,1244 Reese Election Volunteer 7049473055.jpg,reese election,2,renamed
1245,1245_en_US_notes_contacts___PART039_146.txt,1245 Marcus Sterling DJ 305 711 8180.jpg,marcus sterling,2,renamed
1246,1246_en_US_notes_contacts___PART039_147.txt,1246 Eboni Mendez.jpg,eboni mendez,2,renamed
1247,1247_en_US_notes_contacts___PART039_148.txt,1247 Lucia.jpg,lucia title,2,renamed
1248,1248_en_US_notes_contacts___PART039_149.txt,1248 Rafael Pattel - ceramic cooating next mo.jpg,rafael pattel,2,renamed
1249,1249_en_US_notes_contacts___PART039_150.txt,1249 May aRoss Swim Instructor 9736976743.jpg,may aross,2,renamed
1250,1250_en_US_notes_contacts___PART039_151.txt,1250 Macrus Appliance Repair 704 983 2714.jpg,macrus appliance,2,renamed
1251,1251_en_US_notes_contacts___PART039_152.txt,1251 jasmnie.jpg,jasmnie grup,2,renamed
1252,1252_en_US_notes_contacts___PART039_153.txt,1252 Kara Claims Adjuster 602 373 5647.jpg,kara claims,2,renamed
1253,1253_en_US_notes_contacts___PART039_154.txt,1253 call Tucker Brooks Financial Aid Contact.jpg,call tucker,2,renamed
1254,1254_en_US_notes_contacts___PART039_155.txt,1254 leo Fostre.jpg,leo fostre,2,renamed
1255,1255_en_US_notes_contacts___PART039_156.txt,1255 Bella - send playlist for party in Balti.jpg,bella send,2,renamed
1256,1256_en_US_notes_contacts___PART039_157.txt,1256 sarah Bike Shop 8014543909.jpg,sarah bike,2,renamed
1257,1257_en_US_notes_contacts___PART039_158.txt,1257 talked to Bianca Reed Vocal Coach.jpg,talked to bianca,3,renamed
1258,1258_en_US_notes_contacts___PART039_159.txt,1258 rafael Mller - dorrm maintenance follow-.jpg,rafael mller,2,renamed
1259,1259_en_US_notes_contacts___PART039_160.txt,1259 cmaila Coleman - send tax docs over.jpg,cmaila coleman,2,renamed
1260,1260_en_US_notes_contacts___PART040_161.txt,1260 aaliyah Title Company 2134017045.jpg,aaliyah title,2,renamed
1261,1261_en_US_notes_contacts___PART040_162.txt,1261 call Caleb Venue Manager about menu for .jpg,call caleb,2,renamed
1262,1262_en_US_notes_contacts___PART040_163.txt,1262 met Parker Phone Repair from Tampa about.jpg,met parker,2,renamed
1263,1263_en_US_notes_contacts___PART040_164.txt,1263 logan Sulivan - installaation for smart .jpg,logan sulivan,2,renamed
1264,1264_en_US_notes_contacts___PART040_165.txt,1264 check with Raafel Sovcer Coach from Phoe.jpg,check with raafel,3,renamed
1265,1265_en_US_notes_contacts___PART040_166.txt,1265 call NoahP atel Dermatologist from Las V.jpg,call noahp,2,renamed
1266,1266_en_US_notes_contacts___PART040_167.txt,1266 sarah Rivera Real Estate Agent Columbus .jpg,sarah rivera real,3,renamed
1267,1267_en_US_notes_contacts___PART040_168.txt,1267 checked with Dylan Bike Shop from Orland.jpg,checked with dylan,3,renamed
1268,1268_en_US_notes_contacts___PART040_169.txt,1268 txtd Griffin Pateel Mobile Detailing abo.jpg,txtd griffin,2,renamed
1269,1269_en_US_notes_contacts___PART040_170.txt,1269 Caleb - league fees due soon.jpg,caleb league,2,renamed
1270,1270_en_US_notes_contacts___PART040_171.txt,1270 sarah Fosteer Party Rental 9735662564.jpg,sarah fosteer party,3,renamed
1271,1271_en_US_notes_contacts___PART040_172.txt,1271 eboni Coleman - send tax docs over.jpg,eboni coleman,2,renamed
1272,1272_en_US_notes_contacts___PART040_173.txt,1272 Reese Vance Dog Groomer Boston 415612594.jpg,reese vance dog,3,renamed
1273,1273_en_US_notes_contacts___PART040_174.txt,1273 logan Carter Music Instructor 470 915 60.jpg,logan carter,2,renamed
1274,1274_en_US_notes_contacts___PART040_175.txt,1274 derek Vanxe Baeber 303 5805852.jpg,derek vanxe,2,renamed
1275,1275_en_US_notes_contacts___PART040_176.txt,1275 avery Hayes - nail repar beforre friiday.jpg,avery hayes,2,renamed
1276,1276_en_US_notes_contacts___PART040_177.txt,1276 evan Mendez.jpg,evan mendez 4044534214,3,renamed
1277,1277_en_US_notes_contacts___PART040_178.txt,1277 noah Piano Teacher Omaha 2022554323.jpg,noah piano,2,renamed
1278,1278_en_US_notes_contacts___PART040_179.txt,1278 mateo.jpg,mateo 720,2,renamed
1279,1279_en_US_notes_contacts___PART040_180.txt,1279 resee - groyp run starts near the park.jpg,resee groyp,2,renamed
1280,1280_en_US_notes_contacts___PART041_181.txt,1280 hit up Eboni Boxing Coach about group ru.jpg,hit up eboni,3,renamed
1281,1281_en_US_notes_contacts___PART041_182.txt,1281 nina Bailey.jpg,nina bailey,2,renamed
1282,1282_en_US_notes_contacts___PART041_183.txt,1282 txtd Noh Brooks Rwal Estate Agent from M.jpg,txtd noh,2,renamed
1283,1283_en_US_notes_contacts___PART041_184.txt,1283 Mila.jpg,mila 215,2,renamed
1284,1284_en_US_notes_contacts___PART041_185.txt,1284 sarah Ross - library boojs due question.jpg,sarah ross,2,renamed
1285,1285_en_US_notes_contacts___PART041_186.txt,1285 Owen Price Dorm Office 213 9585691.jpg,owen price,2,renamed
1286,1286_en_US_notes_contacts___PART041_187.txt,1286 met Rafael Morgna Volunteer Coordinator .jpg,met rafael,2,renamed
1287,1287_en_US_notes_contacts___PART041_188.txt,1287 checked with Nina Swing Dance Class.jpg,checked with nina,3,renamed
1288,1288_en_US_notes_contacts___PART041_189.txt,1288 derek Coleman - free assessment session.jpg,derek coleman,2,renamed
1289,1289_en_US_notes_contacts___PART041_190.txt,1289 bella Dry Clener 805-369-5889.jpg,bella dry,2,renamed
1290,1290_en_US_notes_contacts___PART041_191.txt,1290 avery Patel - ac repair call for upstair.jpg,avery patel,2,renamed
1291,1291_en_US_notes_contacts___PART041_192.txt,1291 Jasmine Mendez.jpg,jasmine mendez,2,renamed
1292,1292_en_US_notes_contacts___PART041_193.txt,1292 hit up Raafel Morgan Runnng Club Lead fr.jpg,hit up raafel,3,renamed
1293,1293_en_US_notes_contacts___PART041_194.txt,1293 eboni Patwl.jpg,eboni patwl,2,renamed
1294,1294_en_US_notes_contacts___PART041_195.txt,1294 checked with Mateo Election Volunteer fr.jpg,checked with mateo election,4,renamed
1295,1295_en_US_notes_contacts___PART041_196.txt,1295 Tucker Rivera Tire Shop 7543087079.jpg,tucker rivera,2,renamed
1296,1296_en_US_notes_contacts___PART041_197.txt,1296 Wesley Music Instructor Omaha 818 685 74.jpg,wesley music,2,renamed
1297,1297_en_US_notes_contacts___PART041_198.txt,1297 elena Rivera Piano Teacher Louisville 64.jpg,elena rivera,2,renamed
1298,1298_en_US_notes_contacts___PART041_199.txt,1298 owen Bailey - beginner tennis lesson.jpg,owen bailey,2,renamed
1299,1299_en_US_notes_contacts___PART041_200.txt,1299 miles - teahes acoudtic and electric bot.jpg,miles teahes,2,renamed
1300,1300_en_US_notes_contacts___PART042_201.txt,1300 talked to Derek Vance Music Instructor f.jpg,talked to derek,3,renamed
1301,1301_en_US_notes_contacts___PART042_202.txt,1301 marcus Baiely Dog Walker 6178259071.jpg,marcus baiely,2,renamed
1302,1302_en_US_notes_contacts___PART042_203.txt,1302 Lucia Hughes.jpg,lucia hughes,2,renamed
1303,1303_en_US_notes_contacts___PART042_204.txt,1303 txtd Sarah Reed Mobile Detailing about o.jpg,txtd sarah,2,renamed
1304,1304_en_US_notes_contacts___PART042_205.txt,1304 naomi Rivera Cat Sitting 702 6622696.jpg,naomi rivera,2,renamed
1305,1305_en_US_notes_contacts___PART042_206.txt,1305 txtd Kara Hairdresser from Orlando.jpg,txtd kara,2,renamed
1306,1306_en_US_notes_contacts___PART042_207.txt,1306 txtd Lucia Professsor about financial ai.jpg,txtd lucia,2,renamed
1307,1307_en_US_notes_contacts___PART042_208.txt,1307 tucker rBooks - house inspection on thur.jpg,tucker rbooks,2,renamed
1308,1308_en_US_notes_contacts___PART042_209.txt,1308 bianca Reed - teachhes acoustic and ekec.jpg,bianca reed,2,renamed
1309,1309_en_US_notes_contacts___PART042_210.txt,1309 fiona Patel - pick up dry cleaning in Ch.jpg,fiona patel pick,3,renamed
1310,1310_en_US_notes_contacts___PART042_211.txt,1310 Lucia.jpg,lucia lucia,2,renamed
1311,1311_en_US_notes_contacts___PART042_212.txt,1311 call Sfoia Bennett Tire Shop from Sacram.jpg,call sfoia,2,renamed
1312,1312_en_US_notes_contacts___PART042_213.txt,1312 naomi Music Instructor 646-967-2434.jpg,naomi music,2,renamed
1313,1313_en_US_notes_contacts___PART042_214.txt,1313 mateo Bailey Volunteer Coordinator 65044.jpg,mateo bailey,2,renamed
1314,1314_en_US_notes_contacts___PART042_215.txt,1314 Mlia Auto Shp 4707289079.jpg,mlia auto,2,renamed
1315,1315_en_US_notes_contacts___PART042_216.txt,1315 bianca.jpg,bianca gym,2,renamed
1316,1316_en_US_notes_contacts___PART042_217.txt,1316 derek - ask about retiner cost.jpg,derek ask,2,renamed
1317,1317_en_US_notes_contacts___PART042_218.txt,1317 Tuckre Swim Instructor 646-649-2182.jpg,tuckre swim,2,renamed
1318,1318_en_US_notes_contacts___PART042_219.txt,1318 Maya Landscaping 5162868030.jpg,maya landscaping,2,renamed
1319,1319_en_US_notes_contacts___PART042_220.txt,1319 checked with Calbe Electrician 818 952 7.jpg,checked with calbe,3,renamed
1320,1320_en_US_notes_contacts___PART043_221.txt,1320 aaliyah Bie Shop 415 420 9281.jpg,aaliyah bie,2,renamed
1321,1321_en_US_notes_contacts___PART043_222.txt,1321 sarah Rivera Neighbor 3056646877.jpg,sarah rivera neighbor,3,renamed
1322,1322_en_US_notes_contacts___PART043_223.txt,1322 nina Morgan Catering 9739661793.jpg,nina morgan,2,renamed
1323,1323_en_US_notes_contacts___PART043_224.txt,1323 talked to Camila Pest Control from Omaha.jpg,talked to camila pest,4,renamed
1324,1324_en_US_notes_contacts___PART043_225.txt,1324 reese Miller.jpg,reese miller,2,renamed
1325,1325_en_US_notes_contacts___PART043_226.txt,1325 aaliyah Sullivan Claims Adjuster San Jos.jpg,aaliyah sullivan,2,renamed
1326,1326_en_US_notes_contacts___PART043_227.txt,1326 called Nina Neighbor about send notes fr.jpg,called nina neighbor,3,renamed
1327,1327_en_US_notes_contacts___PART043_228.txt,1327 txtd Sofia Library Contact.jpg,txtd sofia,2,renamed
1328,1328_en_US_notes_contacts___PART043_229.txt,1328 check with Rafael Foster Dermatologist f.jpg,check with rafael,3,renamed
1329,1329_en_US_notes_contacts___PART043_230.txt,1329 camila Miller Optometrist 602-577-1768.jpg,camila miller,2,renamed
1330,1330_en_US_notes_contacts___PART043_231.txt,1330 marcus Bailey Bike Shop 646 668 3544.jpg,marcus bailey,2,renamed
1331,1331_en_US_notes_contacts___PART043_232.txt,1331 tucker Bailey - group run starts near th.jpg,tucker bailey,2,renamed
1332,1332_en_US_notes_contacts___PART043_233.txt,1332 bella Rivera - coordinate carpool in New.jpg,bella rivera,2,renamed
1333,1333_en_US_notes_contacts___PART043_234.txt,1333 Parker.jpg,parker pbennett,2,renamed
1334,1334_en_US_notes_contacts___PART043_235.txt,1334 Tucker Coelman - ask abouut storage unit.jpg,tucker coelman,2,renamed
1335,1335_en_US_notes_contacts___PART043_236.txt,1335 camila Mendz.jpg,camila mendz,2,renamed
1336,1336_en_US_notes_contacts___PART043_237.txt,1336 derek Dermatologist 310 8237809.jpg,derek dermatologist,2,renamed
1337,1337_en_US_notes_contacts___PART043_238.txt,1337 call Caelb Runing Club Lead about group .jpg,call caelb,2,renamed
1338,1338_en_US_notes_contacts___PART043_239.txt,1338 fiona Patel.jpg,fiona patel 617,3,renamed
1339,1339_en_US_notes_contacts___PART043_240.txt,1339 mila - suit alterations for the wedding.jpg,mila suit,2,renamed
1340,1340_en_US_notes_contacts___PART044_241.txt,1340 txtd Maya Shelter Contact 919 9417112.jpg,txtd maya,2,renamed
1341,1341_en_US_notes_contacts___PART044_242.txt,1341 andre Bennett Barber 3109724357.jpg,andre bennett,2,renamed
1342,1342_en_US_notes_contacts___PART044_243.txt,1342 called Owen Diaz Nail Tech 2674656183  o.jpg,called owen,2,renamed
1343,1343_en_US_notes_contacts___PART044_244.txt,1343 Nian - ask about retainer cost.jpg,nian ask,2,renamed
1344,1344_en_US_notes_contacts___PART044_245.txt,1344 call Owen Sullivan Cat Sitting aboout fo.jpg,call owen,2,renamed
1345,1345_en_US_notes_contacts___PART044_246.txt,1345 rafael.jpg,rafael music,2,renamed
1346,1346_en_US_notes_contacts___PART044_247.txt,1346 mateo Morgan Florist 9195988914.jpg,mateo morgan,2,renamed
1347,1347_en_US_notes_contacts___PART044_248.txt,1347 griffin - score sheet from last game in .jpg,griffin score,2,renamed
1348,1348_en_US_notes_contacts___PART044_249.txt,1348 kara Morgan - ckean gutters  downspouts.jpg,kara morgan,2,renamed
1349,1349_en_US_notes_contacts___PART044_250.txt,1349 reese.jpg,reese 901,2,renamed
1350,1350_en_US_notes_contacts___PART044_251.txt,1350 Leo Morgan.jpg,leo morgan,2,renamed
1351,1351_en_US_notes_contacts___PART044_252.txt,1351 wesely - swing beginner class on wed eve.jpg,wesely swing,2,renamed
1352,1352_en_US_notes_contacts___PART044_253.txt,1352 dylan Tutor 3054594207.jpg,dylan tutor,2,renamed
1353,1353_en_US_notes_contacts___PART044_254.txt,1353 hit up Reese Appliance Repair 267 461 41.jpg,hit up reese,3,renamed
1354,1354_en_US_notes_contacts___PART044_255.txt,1354 jordan Prive - confirm esrow details.jpg,jordan prive,2,renamed
1355,1355_en_US_notes_contacts___PART044_256.txt,1355 Fiona Miller.jpg,fiona miller,2,renamed
1356,1356_en_US_notes_contacts___PART044_257.txt,1356 maya Hayes.jpg,maya hayes,2,renamed
1357,1357_en_US_notes_contacts___PART044_258.txt,1357 leo Patwl Hairdresser 754-605-4726.jpg,leo patwl,2,renamed
1358,1358_en_US_notes_contacts___PART044_259.txt,1358 Lucia Foater - beginner swim lesson time.jpg,lucia foater,2,renamed
1359,1359_en_US_notes_contacts___PART044_260.txt,1359 Andre Hughes - ask about rettainer cost .jpg,andre hughes,2,renamed
1360,1360_en_US_notes_contacts___PART045_261.txt,1360 check with Eboni Bennett Dry Cleaner abo.jpg,check with eboni bennett,4,renamed
1361,1361_en_US_notes_contacts___PART045_262.txt,1361 eboni Reed Dermatologist Philadelpha 801.jpg,eboni reed,2,renamed
1362,1362_en_US_notes_contacts___PART045_263.txt,1362 mila Hayes Title Company 646 678 6791.jpg,mila hayes,2,renamed
1363,1363_en_US_notes_contacts___PART045_264.txt,1363 avery Baley Coworker 4047187735.jpg,avery baley,2,renamed
1364,1364_en_US_notes_contacts___PART045_265.txt,1364 mila Morgan College Advisor Omaha 267301.jpg,mila morgan,2,renamed
1365,1365_en_US_notes_contacts___PART045_266.txt,1365 evan Morgan Claims Adjuster 415 529 2516.jpg,evan morgan,2,renamed
1366,1366_en_US_notes_contacts___PART045_267.txt,1366 talked to Kara Real Estate Agent abiut s.jpg,talked to kara,3,renamed
1367,1367_en_US_notes_contacts___PART045_268.txt,1367 check with Tuckre Reed Eection Volunteer.jpg,check with tuckre,3,renamed
1368,1368_en_US_notes_contacts___PART045_269.txt,1368 noah Benett.jpg,noah benett,2,renamed
1369,1369_en_US_notes_contacts___PART045_270.txt,1369 eboni Rivera Dry Cleaner 8052323219.jpg,eboni rivera,2,renamed
1370,1370_en_US_notes_contacts___PART045_271.txt,1370 check with Mateo Rivera Golf Coach from .jpg,check with mateo,3,renamed
1371,1371_en_US_notes_contacts___PART045_272.txt,1371 miles Mendez Nail Tech Nashville 2676732.jpg,miles mendez,2,renamed
1372,1372_en_US_notes_contacts___PART045_273.txt,1372 noah Sterling Boxing Coach 305-606-4277.jpg,noah sterling,2,renamed
1373,1373_en_US_notes_contacts___PART045_274.txt,1373 talked to Jordan Brooks Physical Therapy.jpg,talked to jordan,3,renamed
1374,1374_en_US_notes_contacts___PART045_275.txt,1374 check with Marcus Driving Instructor 201.jpg,check with marcus,3,renamed
1375,1375_en_US_notes_contacts___PART045_276.txt,1375 noah - finanxial aid foem deadline.jpg,noah finanxial,2,renamed
1376,1376_en_US_notes_contacts___PART045_277.txt,1376 dylan Foster.jpg,dylan foster,2,renamed
1377,1377_en_US_notes_contacts___PART045_278.txt,1377 nina Appliance Repair 919 252 7438.jpg,nina appliance,2,renamed
1378,1378_en_US_notes_contacts___PART045_279.txt,1378 lucia Bailey.jpg,lucia bailey,2,renamed
1379,1379_en_US_notes_contacts___PART045_280.txt,1379 derek Mendez.jpg,derek mendez,2,renamed
1380,1380_en_US_notes_contacts___PART046_281.txt,1380 parker Mortgsge Broker 805 820 7902.jpg,parker mortgsge,2,renamed
1381,1381_en_US_notes_contacts___PART046_282.txt,1381 met Mila Sterling Reservations 470312127.jpg,met mila,2,renamed
1382,1382_en_US_notes_contacts___PART046_283.txt,1382 Eboni.jpg,eboni 901,2,renamed
